{"global_step": 10000, "_timestamp": 1687024407.877528, "charts/mean_reward": 31.920150756835938, "charts/mean_max_photon": 7.786276817321777, "charts/mean_max_separation": 3.4654524326324463, "charts/advantage": -1.3722127676010132, "charts/epoch_time": 1.0, "losses/critic_loss": 304.22052001953125, "losses/actor_loss": 4.654067516326904, "losses/unclipped_actor_loss": 2.978630304336548, "losses/total_loss": 157.65478515625, "_runtime": 6814.844182014465, "_step": 9999, "_wandb": {"runtime": 6814}}