{"global_step": 10000, "_timestamp": 1686929284.202595, "charts/mean_reward": 3.235942840576172, "charts/mean_max_photon": 2.5920729637145996, "charts/mean_max_separation": 0.8471885323524475, "charts/advantage": 3.4683837890625, "charts/epoch_time": 22.0, "losses/critic_loss": 100.69984436035156, "losses/actor_loss": -3.4683837890625, "losses/unclipped_actor_loss": -3.4683837890625, "losses/total_loss": 46.88153839111328, "_runtime": 453.8744249343872, "_step": 9999, "_wandb": {"runtime": 453}}