{"global_step": 5399, "_timestamp": 1687013619.055691, "charts/mean_reward": 27.086101531982422, "charts/mean_max_photon": 7.64060115814209, "charts/mean_max_separation": 2.9234538078308105, "charts/advantage": -0.8908981680870056, "charts/epoch_time": 2.0, "losses/critic_loss": 0.7643943428993225, "losses/actor_loss": -0.6876071095466614, "losses/unclipped_actor_loss": -0.8338605761528015, "losses/total_loss": 0.22786280512809753, "_runtime": 2347.1979389190674, "_step": 5398, "_wandb": {"runtime": 2347}}