{"global_step": 3170, "_timestamp": 1686908583.168174, "charts/mean_reward": 1.0191442966461182, "charts/advantage": 1.6663384437561035, "charts/epoch_time": 11.0, "losses/critic_loss": 575.2818603515625, "losses/actor_loss": 1.2661454677581787, "losses/unclipped_actor_loss": 1.2661454677581787, "losses/total_loss": 288.9070739746094, "_runtime": 299.3136739730835, "_step": 3169, "_wandb": {"runtime": 298}}